RTweet_Fvrt,Life_time(days)
10900,0.6825231481
10898,0.6822685185
10895,0.6797800926
10893,0.6781712963
10890,0.6779166667
10889,0.6766666667
10883,0.6759837963
10882,0.6749652778
10877,0.6738541667
10873,0.6727199074
10868,0.6649074074
10864,0.6637037037
10858,0.6488541667
10854,0.6487731481
10853,0.6483333333
10847,0.6409490741
10842,0.6385416667
10837,0.635150463
10835,0.6328935185
10833,0.6321759259
10828,0.6289351852
10826,0.6249305556
10823,0.6244560185
10819,0.6196180556
10816,0.6176736111
10813,0.6173726852
10811,0.6169097222
10808,0.6161921296
10804,0.6122106481
10799,0.6075231481
10795,0.6046180556
10788,0.5912037037
10783,0.5886689815
10776,0.5820833333
10766,0.5690277778
10764,0.5669328704
10762,0.5660532407
1049,0.8277314815
5284,0.1319097222
5281,0.1317939815
5272,0.1314930556
5268,0.1313773148
5264,0.13125
5260,0.1312152778
2844,0.3832291667
2335,0.8913310185
991,0.4860300926
5252,0.1303472222
5250,0.1303240741
5246,0.1302662037
5241,0.1300810185
5237,0.1296064815
1067,0.843900463
989,0.4846296296
5233,0.1293634259
2837,0.3816550926
5229,0.1293287037
8229,0.989375
8227,0.9893634259
1065,0.8433912037
5220,0.1288194444
5217,0.1286111111
5210,0.1281018519
5204,0.1278356481
5201,0.127662037
2331,0.8876388889
2328,0.8870717593
5193,0.1265162037
5188,0.1262615741
5184,0.1260763889
928,0.9243634259
5176,0.1254976852
5167,0.1249652778
5161,0.1248726852
5159,0.124849537
2811,0.3771180556
5155,0.1247106481
2325,0.8850578704
2322,0.8849768519
5150,0.1244791667
5146,0.1242476852
2320,0.8846990741
2318,0.8845601852
5141,0.1240740741
2316,0.884525463
2806,0.3762847222
5138,0.1238078704
1349,0.8108564815
5128,0.1231365741
8222,0.9831365741
5124,0.122962963
5121,0.1227893519
5118,0.1227546296
5114,0.1221643519
5111,0.1219444444
5109,0.1219212963
2790,0.3741319444
5106,0.1216319444
2309,0.8820023148
5097,0.1214236111
2777,0.3733564815
5089,0.1210069444
8219,0.9810416667
2771,0.3729050926
8216,0.9806828704
2767,0.3727893519
8214,0.9805787037
2758,0.3725462963
2755,0.3723958333
1347,0.807650463
5076,0.1200115741
5072,0.1198842593
1057,0.8339467593
2303,0.88
5062,0.1194907407
5059,0.1193634259
5056,0.1192476852
8210,0.979212963
5048,0.1190046296
8207,0.9789583333
5043,0.1187962963
5040,0.1187847222
5029,0.1181365741
2301,0.878599537
8202,0.9782523148
1055,0.8322453704
5024,0.1177199074
2299,0.8778587963
2296,0.8777083333
5011,0.1171527778
5009,0.1171296296
2750,0.369375
2748,0.3693402778
5003,0.1169444444
4999,0.1166898148
983,0.471875
1343,0.8042013889
4995,0.1165625
2293,0.8767476852
4991,0.1162384259
8199,0.9762962963
4988,0.1161458333
1339,0.8036689815
1052,0.8300694444
4983,0.1155787037
2745,0.3677777778
4978,0.1152777778
4976,0.1152777778
2290,0.8757060185
979,0.4703935185
4973,0.1151388889
4968,0.1149884259
2287,0.8754513889
4966,0.1149537037
4961,0.1146875
4956,0.1144444444
8196,0.9742939815
4951,0.1137962963
4946,0.1135532407
4939,0.1132175926
8193,0.9731597222
2280,0.873287037
977,0.467650463
2739,0.3646759259
4930,0.112337963
924,0.9106134259
8190,0.9723958333
4925,0.1121412037
1047,0.8263657407
8187,0.9719328704
2277,0.8721064815
4912,0.1112731481
8184,0.9713773148
8182,0.9712962963
4906,0.1108217593
4904,0.110787037
8180,0.9709375
4902,0.1107523148
1045,0.8247916667
4893,0.1102662037
8176,0.9702777778
2271,0.8705208333
4888,0.1099189815
4882,0.1097569444
4878,0.1096759259
4874,0.1095717593
4868,0.1094560185
4866,0.1094328704
2267,0.8695717593
4861,0.1089930556
4858,0.1086226852
8173,0.9687615741
2264,0.8688310185
2260,0.8685416667
4852,0.107974537
4848,0.1077314815
2257,0.8681018519
4843,0.1073032407
4836,0.1066319444
2254,0.8669328704
4831,0.1063541667
4828,0.1063194444
2249,0.8663773148
4817,0.1058564815
2734,0.3581481481
4813,0.105625
8166,0.9656712963
2246,0.8658680556
4800,0.1048958333
4798,0.1048842593
2732,0.356724537
4786,0.1040162037
4764,0.1025925926
2208,0.8217708333
6775,0.4819444444
10929,0.7030671296
6768,0.4805555556
6766,0.478900463
10925,0.6989467593
10920,0.6963888889
1307,0.5372106481
6753,0.4716435185
10912,0.6890509259
6740,0.4645833333
6736,0.4634722222
6731,0.4622106481
10907,0.6836226852
10904,0.6834490741
10759,0.5651157407
10757,0.5624074074
10752,0.5585416667
10747,0.5571759259
10744,0.5556944444
10737,0.5504861111
10734,0.5494791667
10727,0.5444560185
10723,0.5415856481
10717,0.5378009259
10714,0.5370833333
10712,0.5353935185
10709,0.5352662037
10705,0.531412037
10703,0.5303703704
10700,0.5296990741
10698,0.526875
10694,0.5264467593
10687,0.5179861111
10677,0.5065856481
10674,0.5055092593
10668,0.5038310185
10660,0.4978472222
10655,0.4948726852
10651,0.4927662037
10648,0.4921296296
10643,0.4898842593
10637,0.4868287037
10634,0.4864467593
10629,0.4849305556
10625,0.4794212963
10619,0.4751157407
10611,0.4707291667
10607,0.4698958333
10605,0.4697916667
10602,0.4685532407
10599,0.4683680556
10595,0.468287037
10590,0.4650347222
10584,0.4623263889
10579,0.4616087963
10576,0.4614351852
10574,0.4606134259
10571,0.4603009259
10566,0.4585300926
10557,0.4566666667
10551,0.4545833333
10549,0.4537962963
10543,0.4517013889
10455,0.4186805556
10427,0.4105787037
10420,0.4081597222
10415,0.4071990741
10412,0.4066319444
10409,0.4065625
10403,0.4051273148
10398,0.4044907407
10323,0.3875347222
10319,0.3870949074
10315,0.3860763889
10309,0.385
10307,0.3847685185
10294,0.3804861111
10290,0.3790740741
10286,0.3783101852
10259,0.373900463
10251,0.3724537037
10208,0.3629166667
10204,0.3626157407
10199,0.3617476852
10197,0.3616319444
10194,0.3614814815
10187,0.360462963
10185,0.3601967593
10182,0.3593171296
8975,0.7629398148
8954,0.7559490741
8951,0.7555324074
8944,0.751875
8940,0.7479513889
8933,0.7462384259
8929,0.7453703704
8927,0.7450231481
8920,0.7397800926
8916,0.7375462963
8915,0.7374652778
8906,0.735787037
8903,0.7346527778
8898,0.7336574074
8896,0.7324421296
8892,0.7322453704
8886,0.7308564815
8885,0.7308449074
8882,0.730775463
8877,0.7297222222
8867,0.7279513889
8864,0.7269328704
8861,0.7262731481
8860,0.7253819444
8856,0.7251967593
8856,0.7247222222
8849,0.7222106481
8845,0.721099537
8841,0.7206018519
8840,0.7203703704
8838,0.7196875
8833,0.7178472222
8831,0.7169907407
8824,0.7163078704
8823,0.7161921296
8820,0.7159606481
8818,0.7153125
8815,0.7142592593
8807,0.7100231481
8795,0.7051157407
8792,0.705
8788,0.7049421296
8783,0.7035648148
8780,0.7031828704
8776,0.7027199074
8102,0.5002662037
8100,0.5000925926
8096,0.4993402778
8093,0.4972453704
8088,0.4954282407
8086,0.4952662037
8079,0.4901967593
8077,0.4893981481
8073,0.4888078704
8070,0.488587963
8067,0.4883564815
8061,0.4845949074
8058,0.4837268519
8054,0.4836226852
8049,0.4812731481
8046,0.4804976852
8044,0.4803356481
8040,0.4795717593
8032,0.4762268519
8029,0.4751388889
8027,0.472962963
8023,0.4721412037
8019,0.4707060185
8006,0.4571990741
8003,0.451724537
7997,0.4448726852
7995,0.4446180556
7991,0.4437847222
7988,0.4434027778
7985,0.4433333333
7976,0.4356597222
7974,0.4340972222
7971,0.4299421296
7969,0.427662037
7964,0.4248726852
7961,0.4229513889
7957,0.4221296296
7954,0.4198842593
7947,0.4141087963
7942,0.4125347222
7940,0.4125231481
7935,0.4079166667
7931,0.40625
7928,0.4040509259
7924,0.3991319444
7922,0.3989236111
7915,0.3979050926
7909,0.39625
7906,0.396099537
7904,0.3954976852
7901,0.3943518519
7897,0.393287037
7895,0.3929861111
7889,0.3919560185
7887,0.3886689815
7882,0.3850810185
7880,0.3848842593
7877,0.3846180556
7875,0.3842013889
7868,0.3829398148
7863,0.3790740741
7861,0.3790393519
7857,0.3745138889
7851,0.3735069444
7849,0.3733217593
7845,0.3703356481
7842,0.3697337963
7838,0.3685300926
7836,0.3681944444
7831,0.36625
7824,0.3636458333
7821,0.3626967593
7971,0.7386342593
7819,0.3614236111
7963,0.7357060185
7815,0.3580208333
7956,0.7288657407
7812,0.3566666667
7953,0.7279166667
7807,0.3536805556
7949,0.7249768519
7802,0.3516087963
7944,0.7239467593
7795,0.3480208333
7942,0.7225231481
7788,0.340787037
7939,0.7175810185
7784,0.3380902778
7935,0.7160532407
7776,0.3341898148
7930,0.7106018519
7773,0.3315972222
7928,0.7069212963
7768,0.33
7925,0.7052430556
7761,0.3256712963
7921,0.7047222222
7756,0.3243402778
7916,0.6978125
7753,0.3242939815
7913,0.6969907407
7749,0.3239699074
7910,0.6965856481
7743,0.3204166667
7743,0.3187037037
7902,0.6845833333
7736,0.3175462963
7899,0.6836458333
7897,0.6834837963
7897,0.6827430556
7888,0.6609837963
7883,0.6580555556
7877,0.6563194444
7699,0.3083796296
7874,0.6558333333
7695,0.308287037
7872,0.6557638889
7693,0.3078356481
7870,0.6553009259
7688,0.3073032407
7867,0.6538773148
7685,0.3072106481
7865,0.6512615741
7681,0.3068287037
7861,0.6470023148
7677,0.3064467593
7856,0.6407175926
7674,0.3059606481
7854,0.6382638889
7672,0.3059490741
7851,0.6365972222
7668,0.3055787037
7847,0.6317708333
7663,0.3039351852
7660,0.3035763889
7838,0.6212037037
7655,0.3023842593
7834,0.6198958333
7652,0.3021759259
7830,0.6159375
7649,0.3008449074
7645,0.2991666667
7814,0.6019097222
7639,0.298587963
7809,0.6015509259
7635,0.2982523148
7807,0.6009375
7631,0.2975810185
7804,0.5979398148
7627,0.2970717593
7800,0.5970949074
7625,0.2970717593
7798,0.5970949074
7620,0.2958564815
7618,0.295787037
7613,0.2948842593
7610,0.2943055556
7608,0.2941782407
7605,0.2937731481
7603,0.2936342593
7600,0.2926273148
7598,0.2925810185
7595,0.2925
7586,0.2908564815
7584,0.2906944444
7580,0.2904166667
7577,0.2901041667
7574,0.2897453704
7572,0.2895486111
7566,0.2882523148
7564,0.2881597222
7562,0.2881597222
7558,0.2864699074
7554,0.2860300926
7550,0.2857060185
7546,0.2843171296
7542,0.2812384259
7537,0.2807523148
7535,0.2805439815
7710,0.5279282407
7708,0.5269444444
7531,0.2798148148
7705,0.5265046296
7529,0.2798148148
7526,0.2794907407
7523,0.2787037037
7701,0.5254282407
7520,0.2784722222
7699,0.5252546296
7518,0.2772337963
7693,0.5186226852
7513,0.2770138889
7691,0.5171064815
7511,0.275787037
7689,0.5169791667
7507,0.275462963
7501,0.2748842593
7501,0.2746990741
7498,0.2740740741
7495,0.2735532407
7489,0.2718287037
7487,0.2704976852
7479,0.2677314815
7472,0.2669097222
7472,0.2666666667
7470,0.2663310185
7453,0.2633449074
7448,0.2620138889
7443,0.2614814815
7434,0.2599074074
7427,0.2593287037
7425,0.2593171296
7416,0.2577314815
7414,0.2575578704
7410,0.2568634259
7405,0.2560069444
7403,0.2560069444
7399,0.2556944444
7399,0.255462963
7397,0.2548726852
7394,0.2541898148
7393,0.2545833333
7393,0.2545023148
7389,0.2528819444
7386,0.2527546296
7380,0.2523263889
7373,0.2522222222
7369,0.2516435185
7366,0.2515740741
7365,0.2514814815
7362,0.2513541667
7359,0.2508564815
7357,0.250787037
7354,0.2507523148
7352,0.2506597222
7347,0.2500115741
7342,0.249375
7337,0.2491550926
7333,0.2486342593
7332,0.2484953704
7329,0.2484837963
7323,0.2480671296
7321,0.2477662037
7317,0.2474768519
7313,0.2474421296
7312,0.2473263889
7307,0.2471296296
7302,0.2466319444
7299,0.2465509259
7296,0.2462268519
7293,0.2461458333
7290,0.2459259259
7287,0.245775463
7284,0.2457060185
7283,0.245625
7280,0.245
7274,0.2443171296
7271,0.2439351852
7267,0.2431597222
7260,0.2422222222
7255,0.2419212963
7253,0.2418171296
7250,0.2412037037
7247,0.2403356481
7244,0.2402662037
7241,0.2399074074
7238,0.2395949074
7234,0.2388541667
7230,0.2383333333
7228,0.2381597222
7226,0.2375347222
7224,0.2374652778
7222,0.2372337963
7217,0.2368055556
7215,0.2366666667
7210,0.2361458333
7205,0.2359375
7202,0.2355208333
7199,0.2350694444
7192,0.2333101852
7190,0.233275463
7183,0.2321875
7166,0.230474537
7162,0.2294097222
7158,0.2292824074
7155,0.2291319444
7152,0.2288657407
7149,0.2288425926
7146,0.2287731481
7133,0.2274652778
7130,0.2268055556
7127,0.226712963
7121,0.2261342593
7118,0.2253819444
7116,0.2250115741
7113,0.2239351852
7104,0.2230902778
7098,0.2228009259
7096,0.222662037
7092,0.2226157407
7090,0.2225578704
7085,0.2211226852
7083,0.2209837963
7078,0.2208564815
7075,0.2206944444
7073,0.2204282407
7066,0.2198726852
7061,0.2196064815
7059,0.2194791667
7051,0.218912037
7047,0.2184722222
7045,0.218275463
7042,0.2180902778
7038,0.2175231481
7033,0.2171064815
7031,0.2170949074
7029,0.2170486111
7026,0.2167939815
7021,0.216087963
7017,0.2157986111
7015,0.2156712963
7009,0.2155555556
7008,0.215150463
6996,0.2146296296
6992,0.214375
6988,0.2141898148
6984,0.2140393519
6982,0.2139467593
6977,0.2131828704
6972,0.2127314815
6966,0.2119444444
6962,0.2117939815
6956,0.2111689815
6953,0.211087963
6951,0.2110532407
6940,0.2100694444
6938,0.2099421296
6936,0.2099189815
6927,0.2095833333
6919,0.2088657407
6909,0.2080208333
6904,0.2071527778
6895,0.2062268519
6892,0.206099537
6890,0.2055902778
6883,0.2046180556
6880,0.2045601852
6874,0.2043865741
6871,0.2043634259
6866,0.203900463
6862,0.2038657407
6859,0.2036689815
6854,0.2029861111
6849,0.2027777778
6842,0.2017592593
6840,0.2016550926
6836,0.2013888889
6831,0.2012847222
6830,0.2012268519
6821,0.2005439815
6819,0.2003125
6816,0.2001736111
6812,0.1999768519
6809,0.1999537037
6804,0.1997916667
6791,0.1980208333
6787,0.1978587963
6783,0.1972916667
6780,0.1970833333
6774,0.1966782407
6772,0.1966782407
6768,0.1964236111
6764,0.1963657407
6763,0.1962152778
6757,0.1960648148
6755,0.1958449074
6752,0.1957523148
6750,0.1957175926
6745,0.1954398148
6736,0.1942361111
6733,0.1941782407
6727,0.1934606481
6722,0.1933101852
6717,0.1925115741
6713,0.1924305556
6698,0.1911689815
6693,0.1903472222
6689,0.1899652778
6686,0.1899421296
6684,0.189837963
6679,0.1895486111
6678,0.1895138889
6672,0.1890740741
6668,0.1888657407
6665,0.1886921296
6661,0.1884375
6657,0.1879398148
6651,0.1878472222
6649,0.1876967593
5637,0.5154861111
6640,0.1870833333
5633,0.5146759259
6638,0.1870717593
5631,0.5143865741
6633,0.1868287037
5627,0.5141319444
6630,0.1865625
5622,0.512337963
6627,0.1863194444
5620,0.5122685185
6617,0.1857175926
5616,0.5105439815
6611,0.1853240741
5613,0.5105092593
5611,0.5102083333
6606,0.1851967593
5609,0.5101851852
6599,0.1837384259
5605,0.5098148148
6595,0.1834722222
5603,0.5096296296
6590,0.1832523148
5600,0.5091782407
6588,0.1832175926
5597,0.5086111111
6583,0.1828703704
5594,0.5085648148
6580,0.1826967593
5591,0.5081828704
6573,0.1824537037
5589,0.5079398148
6572,0.1824189815
5587,0.5074884259
6570,0.1824189815
5581,0.505150463
6567,0.1822106481
6564,0.1818981481
6554,0.1810300926
5569,0.5011458333
6553,0.1809259259
5564,0.4993981481
6546,0.1807638889
5559,0.4982638889
6542,0.1801851852
5556,0.4978125
6539,0.1800578704
5554,0.497662037
6532,0.1799074074
5551,0.4970023148
6530,0.1798032407
5549,0.4963194444
6528,0.1797685185
5546,0.4937615741
6524,0.1796643519
5541,0.4915046296
6521,0.1795833333
5539,0.490787037
6520,0.1795717593
5535,0.4902430556
6516,0.179375
5533,0.4893981481
6514,0.1793287037
5530,0.4875925926
6510,0.1792708333
5527,0.4844907407
6509,0.1792013889
5524,0.4834027778
6501,0.1782060185
5518,0.4784259259
5515,0.4759953704
6494,0.1770138889
5509,0.4736805556
6490,0.1768518519
5504,0.4725694444
6484,0.176087963
5501,0.472337963
6481,0.1760532407
5499,0.4716319444
6479,0.1756481481
6472,0.1753819444
5493,0.4688773148
6470,0.1753356481
5487,0.4533564815
6464,0.1747453704
5484,0.4523726852
6459,0.1745949074
5480,0.4471990741
6457,0.174537037
5474,0.4313194444
6451,0.1738773148
5467,0.4176157407
6447,0.1732291667
5464,0.4158333333
6445,0.1730555556
5461,0.4054282407
6441,0.1726273148
5459,0.4052199074
6439,0.1725231481
5456,0.4029282407
6436,0.1723726852
5454,0.4025578704
6433,0.1722222222
6431,0.1721875
5448,0.3997106481
6428,0.1719212963
5446,0.3989467593
6425,0.1716898148
6422,0.1714583333
5437,0.3817361111
6420,0.1713078704
5435,0.3794907407
6418,0.1712037037
5433,0.3793055556
6405,0.1699537037
5429,0.3784259259
5429,0.3755555556
5429,0.3752199074
6402,0.1695833333
5427,0.3747685185
6399,0.1694675926
5424,0.3745023148
5422,0.3732291667
6383,0.1678587963
5419,0.3705208333
6380,0.1675578704
5415,0.3676273148
6377,0.1673958333
5413,0.3664699074
6371,0.1669097222
5407,0.3584259259
6369,0.1665856481
5404,0.3572106481
6366,0.1664583333
5401,0.3555671296
6363,0.1664351852
5398,0.3549305556
6361,0.1663888889
5395,0.3539930556
6359,0.1658449074
6349,0.1649421296
5390,0.352974537
6345,0.1646527778
5388,0.3528587963
6343,0.1646064815
5385,0.3527662037
6342,0.1645717593
5382,0.3521064815
6337,0.1644907407
5380,0.3499305556
6334,0.1641666667
5376,0.3484490741
6328,0.1638773148
5371,0.344525463
6325,0.1638078704
5369,0.3395949074
6319,0.1631944444
5364,0.3361574074
6315,0.1630555556
5361,0.3354050926
6309,0.1624074074
5358,0.3332291667
6306,0.1623958333
5354,0.3287268519
6303,0.1622569444
5351,0.3277199074
6301,0.1621990741
5347,0.3268518519
6298,0.1619212963
5345,0.3263773148
5343,0.326099537
6287,0.1612962963
5337,0.3232638889
6285,0.16125
5335,0.3230671296
5332,0.3216203704
6279,0.1609027778
6270,0.1602777778
5327,0.3213541667
6264,0.1598958333
5325,0.3209143519
6259,0.1597800926
5322,0.3194791667
6257,0.1596990741
6254,0.1594328704
5320,0.3193981481
6251,0.1593402778
5318,0.3182291667
6246,0.1590972222
5316,0.3181712963
6243,0.1586111111
5312,0.317974537
6235,0.1581018519
5309,0.3175578704
6233,0.1580671296
5307,0.317037037
6230,0.157974537
5305,0.3166203704
6227,0.1579398148
5299,0.3136111111
6222,0.1576041667
5296,0.312974537
6216,0.1571990741
5293,0.3112962963
6214,0.1569328704
5291,0.3112384259
6212,0.1568981481
5287,0.3109490741
6206,0.1567592593
5285,0.3106944444
6203,0.1566666667
5280,0.3102893519
6201,0.1566319444
5276,0.3098148148
6197,0.1562731481
5274,0.3097685185
6194,0.1560300926
5272,0.3097685185
6189,0.1558912037
5266,0.3056018519
6186,0.1556944444
6183,0.1556712963
6179,0.1556365741
6177,0.1555324074
5254,0.302337963
6175,0.1555208333
5250,0.3015393519
6169,0.1550578704
6163,0.1547337963
5244,0.2992361111
6160,0.1544907407
5240,0.2991435185
6157,0.1543865741
6152,0.1541435185
5235,0.298125
6148,0.1534722222
5233,0.2971875
6141,0.1526157407
5229,0.2970717593
6139,0.1526041667
5225,0.2965740741
6136,0.1524421296
6133,0.1521412037
5217,0.2915856481
6130,0.1517361111
6128,0.1516898148
5208,0.2889699074
6124,0.1516550926
5204,0.2873958333
6120,0.1514351852
5201,0.2871875
6115,0.1511226852
5199,0.2871759259
6109,0.1509837963
5197,0.2862847222
6104,0.1505208333
5193,0.2855439815
6102,0.1504976852
5189,0.2849884259
5187,0.2849305556
6095,0.1499189815
6087,0.1495717593
5183,0.2844328704
6085,0.1494675926
5181,0.2842013889
6078,0.1487847222
5179,0.2839236111
6073,0.1483333333
5176,0.2838425926
6063,0.1478125
5174,0.2834490741
6061,0.1477777778
5170,0.2825694444
6055,0.1473032407
5168,0.2823842593
5164,0.2797685185
5161,0.279537037
5158,0.2790046296
5150,0.2764583333
5147,0.2763541667
5142,0.2751736111
5138,0.2743287037
5132,0.2732638889
5128,0.2720949074
5126,0.2719097222
6007,0.1443518519
5123,0.2718865741
6004,0.1439236111
5120,0.2717939815
5994,0.1427546296
5115,0.2702777778
5986,0.1422569444
5113,0.2690509259
5984,0.1422337963
5109,0.2687962963
5980,0.142037037
5104,0.2683101852
5978,0.1420138889
5100,0.2671527778
5972,0.1417939815
5096,0.2668055556
5967,0.1414467593
5092,0.2661574074
5963,0.1412615741
5089,0.266087963
5959,0.1410416667
5086,0.2653356481
5954,0.1408101852
5083,0.2647569444
5952,0.1407175926
5081,0.2646527778
5949,0.1403472222
5079,0.262962963
5946,0.1402430556
5075,0.2620601852
5942,0.1401388889
5070,0.2614930556
5937,0.1400925926
5064,0.2594444444
5931,0.1397453704
5062,0.2573842593
5925,0.1392592593
5058,0.25625
5923,0.139224537
5056,0.2560416667
5919,0.1391319444
5054,0.2550347222
5917,0.1390162037
5915,0.1389699074
5047,0.2544675926
5899,0.1378472222
5045,0.2542708333
5897,0.1376967593
5043,0.2540509259
5892,0.1371875
5039,0.2540046296
5888,0.1369675926
5036,0.253912037
5883,0.1367708333
5032,0.2529976852
5872,0.135787037
5030,0.2528009259
5867,0.1355092593
5027,0.251412037
5862,0.1353240741
5024,0.2504166667
5857,0.1349421296
5019,0.2487037037
5853,0.1347453704
5015,0.2481712963
5848,0.1346990741
5843,0.1345023148
5010,0.2481365741
5841,0.1345023148
5008,0.2480671296
5006,0.2475115741
5831,0.1343055556
5003,0.2473611111
5829,0.1342939815
4997,0.2471064815
5825,0.1341319444
5823,0.1340740741
4990,0.2466087963
5821,0.1338888889
4987,0.2460300926
4985,0.2459606481
4980,0.245150463
4976,0.2431944444
4972,0.2427430556
4970,0.2424537037
4967,0.2421296296
4963,0.2411342593
4961,0.2410069444
4958,0.2406481481
6723,0.4598726852
6719,0.4590625
4952,0.2401851852
6717,0.4581134259
4947,0.2398148148
6713,0.4568518519
4945,0.2398032407
6710,0.4558912037
4941,0.2387615741
4938,0.2384837963
4938,0.238275463
6705,0.4544907407
4933,0.2381365741
6699,0.4528009259
6699,0.4528009259
4931,0.2378472222
6693,0.4471180556
4928,0.2376041667
6689,0.4455555556
4925,0.2374768519
6687,0.4455555556
4922,0.2371527778
4921,0.2369212963
6684,0.444849537
6679,0.4442476852
4916,0.2366666667
6676,0.4425925926
4913,0.2359027778
4913,0.2358449074
6671,0.4391435185
6666,0.4370023148
4908,0.2355787037
6658,0.4346064815
4906,0.2353703704
6651,0.4300925926
4902,0.2350231481
4898,0.2345138889
6644,0.4252893519
6642,0.4247337963
4894,0.2344907407
4893,0.2341666667
6623,0.4106018519
6618,0.40875
4889,0.2341435185
4888,0.2336921296
6616,0.4087384259
4884,0.2334375
6611,0.4080092593
4881,0.2331365741
6606,0.4057638889
6603,0.4043634259
4877,0.2330902778
4877,0.2330439815
6601,0.4031134259
4873,0.2326157407
4872,0.2317708333
6591,0.4021759259
4866,0.2314930556
6587,0.4007523148
4864,0.2314930556
6584,0.3995486111
4862,0.2314699074
4860,0.231087963
6575,0.3857638889
6571,0.3857060185
4855,0.2308449074
6567,0.3841203704
4851,0.2305208333
6563,0.3836226852
4849,0.2304398148
4846,0.2300578704
6561,0.3834143519
4844,0.2300347222
6553,0.372349537
6549,0.3699189815
4839,0.2299074074
6545,0.3690625
4837,0.2295833333
6543,0.3663078704
4835,0.2294328704
4835,0.2293518519
6538,0.3601041667
6536,0.3577199074
4830,0.2289583333
6533,0.3561574074
4825,0.2283912037
6524,0.3483564815
4820,0.2275925926
4818,0.2273611111
6519,0.3472453704
6515,0.3468634259
4814,0.2272337963
6513,0.3459953704
4809,0.2266666667
6511,0.3458449074
4807,0.2266435185
4807,0.2265740741
6506,0.3444328704
6503,0.3434027778
4802,0.2261689815
4800,0.2260069444
6500,0.3425694444
6490,0.3347222222
4795,0.225625
6488,0.3329398148
4793,0.2251273148
4792,0.2248842593
6485,0.3327430556
6483,0.3326157407
4788,0.224837963
6474,0.327037037
4784,0.2246412037
4783,0.2235416667
6469,0.3245717593
4776,0.223125
6467,0.3229282407
4773,0.2227777778
6463,0.3215972222
6454,0.3147569444
4768,0.2227199074
6451,0.3121759259
4765,0.2225462963
6447,0.3118055556
4761,0.2223032407
6445,0.309837963
4759,0.2223032407
4755,0.2215625
6442,0.3081597222
6439,0.3067361111
4749,0.221087963
6436,0.3056828704
4744,0.2207175926
6426,0.2969097222
4741,0.2205208333
6423,0.2965740741
4738,0.220474537
4738,0.2204398148
6421,0.2964814815
4736,0.2201388889
6419,0.2952893519
4733,0.2200231481
6411,0.2908217593
6408,0.2896990741
4728,0.2195833333
6402,0.2885416667
6399,0.2844097222
4724,0.2194907407
6394,0.2834722222
4721,0.2194097222
6391,0.2831828704
4718,0.2193287037
6387,0.2824305556
4716,0.2190393519
6384,0.2812152778
4712,0.2189930556
4711,0.218912037
6380,0.2809722222
4704,0.2186342593
6378,0.2809722222
6376,0.2808796296
4700,0.2185185185
6373,0.2800578704
4698,0.2184375
6364,0.2752199074
4696,0.2183564815
4695,0.218125
6351,0.2642708333
6347,0.2641319444
4691,0.218125
6342,0.2630092593
4686,0.2173842593
6340,0.2628935185
4684,0.2171527778
4684,0.2170833333
6338,0.262337963
6338,0.2616782407
4679,0.2167592593
6336,0.2606481481
6327,0.2577199074
4673,0.2164814815
6323,0.2559722222
4668,0.2161111111
4668,0.216099537
6321,0.2558217593
4665,0.2160763889
6317,0.2528935185
4663,0.2160648148
6314,0.2527662037
6312,0.2515856481
4657,0.2159375
6307,0.2501851852
4655,0.2159259259
6305,0.2500462963
4648,0.2156134259
4643,0.2153703704
6299,0.2488194444
6293,0.2470601852
4641,0.2153587963
6291,0.2468634259
4632,0.2143055556
6287,0.2464236111
4630,0.2142708333
6281,0.2435532407
4625,0.2142476852
6279,0.2434837963
6269,0.2409375
4620,0.2141782407
4616,0.2140972222
4613,0.213900463
6257,0.2365625
6255,0.2363425926
4602,0.2133912037
4600,0.2132986111
6250,0.2348611111
4596,0.2132523148
6246,0.2335648148
6242,0.2333796296
4592,0.2132407407
4590,0.2131365741
6240,0.2322569444
6238,0.231724537
4584,0.2131134259
4582,0.2130787037
4579,0.2130787037
4574,0.2130671296
4574,0.2130439815
4572,0.2130324074
4568,0.2129861111
4561,0.2128587963
4559,0.2128240741
4555,0.2128240741
6186,0.2169328704
4552,0.2127314815
4550,0.2127083333
4549,0.212650463
4547,0.2125925926
4545,0.2125347222
4543,0.2125115741
4539,0.2124652778
4535,0.2122800926
4533,0.2121064815
4531,0.2120949074
4527,0.2119675926
4523,0.2117476852
4521,0.2117476852
4520,0.2116550926
4518,0.2115046296
6109,0.1947569444
4509,0.2107986111
4506,0.2107175926
4500,0.2100694444
4497,0.2100231481
4494,0.2098148148
4494,0.2095833333
6093,0.1918287037
4492,0.2090046296
6091,0.1917592593
6088,0.1913425926
4486,0.2076851852
4484,0.2070717593
6073,0.1884606481
4481,0.2069907407
4481,0.2067939815
4478,0.2065277778
6064,0.1865046296
6056,0.1843981481
4474,0.2065046296
6052,0.1836111111
4472,0.2064814815
5696,0.9974768519
4465,0.2061805556
4462,0.2060763889
5682,0.9762384259
4458,0.2054282407
4456,0.2052662037
4456,0.2045949074
4453,0.2045717593
4451,0.204525463
4449,0.2041203704
4447,0.2040393519
4442,0.2035648148
4437,0.2034259259
4431,0.2024884259
4429,0.2023611111
4424,0.201724537
4421,0.2010416667
4418,0.2008333333
4416,0.2005092593
4415,0.2004398148
4408,0.1999305556
4405,0.1998958333
4403,0.199537037
4400,0.1990162037
5903,0.1653356481
5898,0.1647569444
5895,0.1646296296
5892,0.1646064815
5887,0.1642939815
5881,0.1639467593
5878,0.1639236111
5871,0.1631365741
5851,0.1601041667
5847,0.1593287037
5845,0.1591898148
5842,0.1590393519
5840,0.1590277778
5836,0.1582407407
5830,0.1571064815
5827,0.1568171296
5823,0.1566319444
5819,0.1563657407
5778,0.1521412037
5773,0.151412037
5709,0.1432986111
5703,0.1409953704
5697,0.1408449074
5697,0.1408449074
5693,0.140625
5690,0.1405787037
5686,0.1403125
5684,0.1402083333
5679,0.139375
5675,0.1390856481
5671,0.1387962963
5663,0.1380324074
4800,0.5108217593
4798,0.5096296296
4793,0.5086111111
4447,0.7271875
4445,0.7226736111
4788,0.5070138889
4443,0.7091203704
4783,0.5034837963
4778,0.5019212963
4439,0.7046875
4436,0.6739930556
4775,0.5013888889
4771,0.4981712963
4433,0.6483217593
4629,0.9879398148
4763,0.492962963
4430,0.6339930556
4625,0.9872106481
4427,0.6240625
4753,0.4901388889
4424,0.5925
4617,0.9815972222
4748,0.489537037
4422,0.591724537
4608,0.9688773148
4747,0.4895023148
4744,0.4888425926
4419,0.5855324074
4590,0.9506828704
4742,0.4886574074
4415,0.5835185185
4585,0.9471064815
4738,0.488587963
4731,0.4868981481
4408,0.5652314815
4728,0.4860416667
4402,0.5492939815
4726,0.4859375
4397,0.5371990741
4722,0.4843287037
4389,0.5146064815
4716,0.4840393519
4385,0.5041203704
4713,0.4838657407
4381,0.5030439815
4708,0.483587963
4378,0.4962731481
4703,0.4827430556
4375,0.4959259259
4700,0.4811805556
4373,0.4955208333
4695,0.4806481481
4365,0.4773148148
4693,0.4799652778
4361,0.4698611111
4691,0.4797106481
4357,0.4688078704
4687,0.4793634259
4353,0.4673958333
4682,0.4785648148
4350,0.4668865741
4680,0.4783680556
4677,0.4780324074
4345,0.4637384259
4673,0.4775231481
4343,0.4634606481
4671,0.4772453704
4339,0.4631712963
4666,0.4768287037
4333,0.4586342593
4662,0.4762615741
4331,0.4577314815
4659,0.4759375
4328,0.4561458333
4321,0.4471296296
4655,0.4737384259
4317,0.4440046296
4652,0.4717361111
4649,0.4716203704
4311,0.4415393519
4642,0.4688425926
4307,0.4348263889
4635,0.4675
4304,0.431712963
4628,0.4648263889
4301,0.4307291667
4298,0.4249189815
4614,0.4613541667
4605,0.459837963
4601,0.4589351852
4596,0.4579282407
2970,0.5072453704
2966,0.5054513889
2963,0.5022337963
2957,0.4942476852
2955,0.4927314815
2949,0.487349537
2944,0.4858217593
2940,0.4790972222
2937,0.4764467593
2934,0.4758680556
2931,0.473599537
2928,0.4727199074
2923,0.4580324074
2919,0.4492013889
2917,0.4489236111
2914,0.4429050926
2912,0.4425115741
2908,0.4412962963
2906,0.4406018519
2900,0.439537037
2898,0.4359953704
2896,0.4186111111
2889,0.3904976852
2886,0.3900462963
2882,0.387025463
2877,0.3613657407
2874,0.3574768519
2871,0.3521990741
2868,0.3485763889
2866,0.3471643519
2863,0.3448611111
2858,0.3369791667
2853,0.3328935185
2851,0.3321875
2848,0.3321180556
2845,0.3314814815
2842,0.329224537
2836,0.3268981481
2833,0.3260532407
2830,0.3215625
2827,0.3211342593
2825,0.3190277778
2823,0.3181597222
2820,0.3172800926
2817,0.3149189815
2810,0.3126273148
2807,0.3109143519
2801,0.3098726852
2799,0.3078935185
2793,0.3062847222
2790,0.3054861111
2787,0.3049074074
2785,0.3046759259
2780,0.3030324074
2778,0.3027777778
2774,0.3017476852
2769,0.301099537
2766,0.3005092593
2764,0.2968287037
2759,0.293587963
2753,0.2912268519
2745,0.2850810185
2742,0.2837037037
2735,0.2797337963
2732,0.2785300926
2727,0.2776388889
2723,0.2761921296
2718,0.272337963
2714,0.2702893519
2712,0.2693981481
2710,0.2692708333
2706,0.2671064815
2704,0.2652430556
2702,0.265162037
2693,0.2633333333
2690,0.2619560185
2687,0.2607407407
2685,0.260462963
2680,0.2596412037
2678,0.2593634259
2676,0.2585532407
2673,0.2571527778
2664,0.2553703704
2662,0.2545486111
2660,0.2544560185
2658,0.254375
2653,0.2515277778
2650,0.2500810185
2648,0.2487615741
2644,0.2446759259
2638,0.2431712963
2635,0.2420717593
2633,0.2417476852
2627,0.2395833333
3041,0.3439814815
2625,0.2394560185
3038,0.3436574074
2620,0.2383333333
2616,0.2367476852
3026,0.3409837963
2613,0.2362037037
3024,0.3405671296
2611,0.2356018519
3020,0.3395833333
3014,0.3380671296
2607,0.2353935185
3006,0.3351157407
2604,0.2347106481
3003,0.3346527778
2601,0.2345949074
3001,0.334537037
2599,0.2343055556
3152,0.2540625
2996,0.3331481481
3150,0.2534143519
2594,0.2340856481
3137,0.2501388889
2987,0.3318518519
2590,0.2337037037
3135,0.2499652778
2983,0.3311226852
3126,0.2457523148
2587,0.2330439815
2980,0.3307638889
3121,0.2448611111
2584,0.2325347222
2974,0.3287268519
3117,0.2447800926
2582,0.2315162037
2970,0.3268287037
3112,0.2436921296
2579,0.2302430556
2961,0.3239814815
3105,0.2431712963
2576,0.2293981481
2958,0.3235532407
3101,0.2420601852
2573,0.2287962963
2954,0.3234837963
3093,0.2393518519
2568,0.2277430556
2948,0.3218981481
2564,0.2268287037
2942,0.3203819444
3083,0.2372106481
2559,0.2265625
2939,0.3196412037
3079,0.235787037
2557,0.2265277778
2933,0.3178125
3076,0.2356828704
2554,0.2262037037
2924,0.3126851852
3071,0.2345138889
2550,0.2259259259
2921,0.3123726852
3067,0.2340046296
2548,0.2250810185
2918,0.3097337963
3065,0.2339351852
2544,0.2249189815
3061,0.2332175926
2539,0.2232407407
2909,0.3036111111
3058,0.2310416667
2537,0.2229976852
2906,0.3028240741
3052,0.2283449074
2534,0.2226157407
2900,0.2956828704
3042,0.2250231481
2531,0.2221412037
2898,0.295625
3039,0.2247916667
2528,0.2210185185
3029,0.2214699074
2525,0.2199305556
2890,0.2940972222
3024,0.2203009259
2522,0.219849537
3021,0.2184953704
2515,0.2186921296
2874,0.2883101852
2511,0.2181481481
2870,0.2848611111
3011,0.2146875
2508,0.2174537037
2866,0.2845717593
3009,0.2146759259
2506,0.2166550926
2861,0.2835185185
3004,0.2133796296
2503,0.2161805556
2857,0.2824074074
3001,0.2133333333
2855,0.2821875
2994,0.2099421296
2849,0.2817824074
2991,0.2091435185
2494,0.215162037
2847,0.2801157407
2987,0.2041550926
2989,0.2089583333
2490,0.2147222222
2844,0.2783101852
2979,0.2021759259
2487,0.2146412037
2842,0.2781944444
2976,0.2009143519
2483,0.2144907407
2834,0.2737037037
2972,0.1980671296
2481,0.2143981481
2831,0.2727662037
2969,0.1978587963
2479,0.2143865741
2826,0.271724537
2966,0.1974768519
2477,0.2142939815
2824,0.2710648148
2963,0.1967013889
2470,0.2133449074
2819,0.265625
2958,0.1960069444
2468,0.2133217593
2816,0.2644097222
2955,0.1956481481
2465,0.2129398148
2813,0.2639930556
2951,0.1954282407
2463,0.2126273148
2811,0.2632407407
3248,0.8198263889
2948,0.1941319444
2461,0.2124305556
2804,0.2573958333
3244,0.8127546296
2943,0.1932291667
2458,0.2121875
2802,0.2560532407
3236,0.7959027778
2941,0.1932291667
2454,0.2120949074
2793,0.2474305556
3234,0.7947685185
2939,0.1931597222
2791,0.2466898148
2452,0.2120486111
3229,0.7944212963
2937,0.1925231481
2789,0.2460648148
2446,0.2116666667
3227,0.7917708333
2932,0.1913888889
2785,0.242962963
2444,0.2115046296
3224,0.7902083333
2927,0.1892592593
2783,0.2421064815
2440,0.2108680556
3213,0.7720486111
2924,0.1891666667
2780,0.2418287037
2436,0.2102662037
2919,0.1865740741
2777,0.2406365741
2433,0.2095717593
2916,0.1855787037
2772,0.2371875
2431,0.2094791667
2911,0.1838078704
2769,0.2361226852
2906,0.1818518519
2760,0.2189814815
2425,0.208900463
2903,0.1812384259
2755,0.2166087963
2422,0.2082407407
2901,0.1811805556
2748,0.2110648148
2420,0.2082291667
3207,0.7756134259
2416,0.207974537
3200,0.7625925926
2895,0.1781018519
2741,0.208912037
2414,0.2078587963
2890,0.1764699074
2738,0.2071643519
2412,0.2077662037
3194,0.7589467593
2888,0.1762152778
2407,0.2058912037
2735,0.20625
3192,0.7577777778
2883,0.1746180556
2732,0.2044675926
2402,0.2046527778
3190,0.7576273148
3188,0.7555787037
2876,0.1722222222
2729,0.2042708333
2398,0.204375
2871,0.1710300926
2723,0.2021412037
2390,0.203287037
3183,0.7532523148
2863,0.1669097222
2719,0.2020486111
2387,0.2030902778
3178,0.7447685185
2854,0.1628587963
2713,0.1999537037
2385,0.2030787037
3174,0.7359027778
3174,0.7349652778
2709,0.1997453704
2383,0.2028935185
2846,0.1610300926
2703,0.1954050926
2381,0.2027777778
2841,0.1603125
2700,0.1936342593
2379,0.202662037
2839,0.1603009259
2695,0.1903240741
2376,0.2024074074
2834,0.1590509259
2681,0.1814699074
2374,0.2023032407
2828,0.1571296296
2675,0.1796527778
2369,0.201875
2826,0.1559259259
2672,0.1790277778
2367,0.2017361111
2823,0.1545601852
2667,0.1783796296
2364,0.201712963
2819,0.154375
2660,0.1727083333
2361,0.2014351852
2815,0.1537615741
2657,0.1722337963
2359,0.2014351852
3080,0.5633449074
2809,0.1495138889
2654,0.1715625
2352,0.2002546296
3078,0.5619907407
2798,0.1443055556
2651,0.1715162037
2347,0.2000347222
3072,0.5523958333
2791,0.1395486111
2644,0.1674074074
2344,0.199537037
3070,0.5523958333
2789,0.1385300926
2640,0.1659490741
2342,0.199375
3064,0.5270833333
2781,0.1370601852
2637,0.1644328704
2339,0.1991782407
3057,0.5059953704
2779,0.1369560185
2634,0.1633796296
2337,0.1987615741
3050,0.460150463
2775,0.136087963
2631,0.1629513889
2335,0.1986921296
3045,0.4502893519
2763,0.1309722222
2624,0.1622800926
2333,0.1983333333
3038,0.4362615741
2760,0.1304282407
2620,0.1612152778
2331,0.1979282407
3033,0.4328356481
2752,0.1286921296
2617,0.1568055556
2327,0.1977083333
3031,0.431724537
2745,0.1264351852
2612,0.1559375
2324,0.197349537
3026,0.4249189815
2742,0.1258217593
2608,0.1547800926
3022,0.4210300926
2736,0.1240972222
2606,0.1547800926
2317,0.1961226852
3014,0.3880439815
2732,0.1240162037
2602,0.1541550926
2315,0.1956712963
3006,0.3732407407
2728,0.1228356481
2600,0.1534143519
2312,0.1955787037
2725,0.1212847222
2591,0.1474074074
2308,0.195162037
2998,0.3668981481
2722,0.1212268519
2589,0.1463194444
2587,0.1453472222
2306,0.1938078704
2990,0.3649884259
2719,0.1205439815
2585,0.1452893519
2303,0.1937731481
2988,0.3641087963
2713,0.1197106481
2577,0.1423611111
2301,0.1936689815
2982,0.3571412037
2710,0.1195486111
2574,0.1414930556
2298,0.193599537
2977,0.3522800926
2708,0.1195138889
2571,0.1413425926
2972,0.3455787037
2704,0.1186342593
2568,0.140474537
2291,0.1929398148
2967,0.3403587963
3018,0.5263888889
2700,0.1177430556
2566,0.1395949074
2289,0.1910648148
2952,0.3238541667
3010,0.5119675926
2695,0.1152314815
2287,0.1898958333
2949,0.3213657407
3006,0.4962962963
2692,0.1149074074
2559,0.1360300926
2284,0.1894212963
2993,0.4196643519
2686,0.1131944444
2555,0.1358564815
2282,0.1889236111
2940,0.3198032407
2985,0.4046643519
2683,0.112337963
2553,0.1352777778
2277,0.1886111111
2938,0.3194444444
2979,0.38875
2677,0.1112731481
2922,0.3089236111
2975,0.3838657407
2675,0.1111689815
2917,0.3078009259
2970,0.366724537
2671,0.1096527778
2915,0.3059259259
2965,0.3610069444
2665,0.1075347222
2540,0.1334953704
2913,0.3054976852
2960,0.3577777778
2536,0.1324421296
2909,0.302650463
2956,0.3495833333
2658,0.1067939815
2532,0.131724537
2900,0.2974768519
2950,0.3479976852
2651,0.1056481481
2206,0.7799537037
2649,0.1053009259
2896,0.2938541667
2941,0.3301041667
2204,0.7786342593
2645,0.1049305556
2508,0.121412037
2937,0.328900463
2892,0.2929976852
2200,0.7719791667
2642,0.1038078704
2503,0.1205555556
2932,0.3261342593
2889,0.2928703704
2200,0.6154976852
2197,0.7715393519
2635,0.1022800926
2501,0.1203935185
2928,0.3205092593
2197,0.5970138889
2193,0.7584375
2632,0.101875
2492,0.1180787037
2874,0.2866550926
2923,0.3152893519
2193,0.5918518519
2626,0.1005787037
2489,0.1176157407
2869,0.2849884259
2921,0.3132407407
2917,0.3049305556
2188,0.585162037
2191,0.7316898148
2623,0.0997800926
2487,0.1176041667
2862,0.2814467593
2913,0.304224537
2188,0.5831481481
2186,0.7153819444
2618,0.0982407407
2482,0.1149074074
2859,0.2810763889
2911,0.3038657407
2903,0.2904861111
2185,0.5699768519
2183,0.7084722222
2614,0.096087963
2477,0.1145717593
2857,0.2805092593
2180,0.6908217593
2607,0.0912731481
2176,0.4949768519
2177,0.6853472222
2605,0.0909722222
2471,0.1140162037
2889,0.282650463
2847,0.2746180556
2172,0.4928009259
2173,0.6526041667
2590,0.0874074074
2467,0.1135763889
2887,0.2813078704
2883,0.2793287037
2845,0.2732986111
2170,0.4925231481
2585,0.0871527778
2462,0.1127662037
2877,0.2749537037
2842,0.2721064815
2166,0.4902430556
2583,0.0870717593
2457,0.1121875
2839,0.2707060185
2163,0.4901851852
2165,0.6266782407
2580,0.0864583333
2455,0.111712963
2866,0.2721412037
2865,0.2720023148
2836,0.2692824074
2161,0.490150463
2160,0.6110763889
2576,0.0851041667
2450,0.1094212963
2832,0.2685648148
2158,0.4896643519
2156,0.6061689815
2155,0.6045833333
2825,0.9769791667
2571,0.0846296296
2446,0.1086805556
2859,0.2685648148
2848,0.2615393519
2156,0.4891782407
2819,0.9741898148
2562,0.0826851852
2444,0.1086689815
2843,0.2599537037
2828,0.2676851852
2153,0.4852662037
2151,0.6017592593
2558,0.0825231481
2436,0.1070601852
2826,0.2674074074
2148,0.4581481481
2149,0.6011921296
2551,0.0813888889
2434,0.1069212963
2838,0.2592824074
2821,0.2671990741
2146,0.4414351852
2147,0.6009143519
2546,0.0808101852
2431,0.1057638889
2808,0.2574421296
2142,0.4310532407
2144,0.5926273148
2144,0.5923032407
2541,0.0797222222
2426,0.1046875
2834,0.2572453704
2823,0.2537962963
2799,0.2511805556
2139,0.4289583333
2533,0.0788657407
2422,0.1035185185
2826,0.2552314815
2811,0.247662037
2795,0.250150463
2136,0.4282523148
2139,0.5916435185
2531,0.0785185185
2417,0.1033912037
2788,0.2481828704
2133,0.4257060185
2135,0.5906597222
2525,0.0781712963
2415,0.1032638889
2797,0.2415509259
2783,0.2467361111
2129,0.4233449074
2128,0.5891550926
2895,0.9767013889
2523,0.0781597222
2401,0.0986342593
2125,0.5883680556
2124,0.5878009259
2890,0.9740972222
2519,0.0780208333
2399,0.0975231481
2802,0.2468518519
2785,0.2380671296
2772,0.2416203704
2125,0.4147800926
2517,0.0780092593
2397,0.0973842593
2768,0.2405324074
2122,0.4121759259
2119,0.5806365741
2511,0.07625
2389,0.0953356481
2784,0.2408333333
2118,0.4103819444
2506,0.0755671296
2382,0.0944328704
2761,0.2271296296
2759,0.2374421296
2502,0.0750810185
2380,0.0943287037
2771,0.2327430556
2755,0.2358564815
2111,0.3983449074
2494,0.0736574074
2378,0.0935185185
2748,0.2231944444
2108,0.3955902778
2491,0.0733101852
2745,0.2324305556
2732,0.2134490741
2106,0.3913888889
2749,0.5503935185
2487,0.0731828704
2373,0.092662037
2744,0.223599537
2743,0.2323958333
2730,0.2131481481
2103,0.390162037
2747,0.5492824074
2484,0.0728703704
2367,0.0918865741
2737,0.2293171296
2100,0.3817824074
2741,0.5438425926
2477,0.0722222222
2364,0.0918055556
2734,0.2279398148
2098,0.3815393519
2091,0.5051157407
2090,0.502349537
2739,0.5428587963
2474,0.0721180556
2361,0.091087963
2729,0.2275810185
2094,0.3792939815
2735,0.5391319444
2468,0.0712962963
2355,0.0899189815
2721,0.2218981481
2717,0.2117824074
2089,0.3689699074
2732,0.5373263889
2465,0.0710069444
2351,0.0892361111
2719,0.2213541667
2715,0.2111921296
2707,0.2090046296
2086,0.3683796296
2730,0.537025463
2347,0.0890277778
2716,0.2210069444
2708,0.2104861111
2084,0.3683217593
2728,0.5360532407
2342,0.0883680556
2711,0.2196296296
2704,0.2093171296
2081,0.3621875
2725,0.5355208333
2336,0.0878356481
2707,0.2186921296
2067,0.4797569444
2722,0.5332986111
2334,0.0877199074
2683,0.2025810185
2702,0.2166666667
2075,0.3597337963
2717,0.5229050926
2331,0.0872916667
2686,0.2040277778
2699,0.2153587963
2073,0.3586689815
2713,0.5185069444
2327,0.0869212963
2681,0.2034375
2710,0.5130902778
2314,0.0851851852
2662,0.1949652778
2062,0.3528240741
2704,0.5076967593
2311,0.084837963
2688,0.2121296296
2059,0.3516319444
2308,0.0841666667
2666,0.1983796296
2654,0.1933333333
2684,0.2119444444
2056,0.3495717593
2693,0.4538541667
2306,0.0840509259
2658,0.1956134259
2680,0.2101851852
2053,0.3490740741
2687,0.4453009259
2302,0.0833796296
2651,0.1941898148
2675,0.2067708333
2050,0.3488310185
1924,0.5047685185
2300,0.0833449074
2671,0.2060532407
2048,0.3474652778
1922,0.4998958333
2297,0.0832523148
2659,0.2020138889
2645,0.1928240741
2633,0.1896643519
2044,0.3468402778
2672,0.4167708333
1919,0.4945023148
2293,0.0830324074
2639,0.1907407407
2042,0.3465277778
2669,0.4167708333
1917,0.4913657407
2291,0.0828819444
2634,0.1904861111
2040,0.346400463
1914,0.4885300926
2400,0.0625578704
2281,0.0823263889
2037,0.3461689815
1911,0.486412037
2392,0.061724537
2277,0.0819907407
2615,0.1849074074
1908,0.4584490741
2390,0.0616319444
2611,0.1844328704
2028,0.3364814815
1904,0.4534837963
2387,0.06125
2270,0.081099537
2598,0.1782523148
2590,0.1749305556
2026,0.3358796296
1901,0.4488194444
2384,0.0610648148
2590,0.1757407407
2586,0.1745023148
1899,0.4448726852
2071,0.4674768519
2079,0.5101736111
2380,0.0603935185
2263,0.0798611111
2587,0.1750925926
2579,0.1720949074
1896,0.4441898148
2375,0.0602083333
2261,0.0785763889
2573,0.1699189815
2020,0.3336805556
2059,0.4289351852
1893,0.4383333333
2258,0.0784722222
2018,0.3334490741
2054,0.4182407407
1891,0.4375347222
2356,0.0581018519
2015,0.3333449074
2052,0.4090740741
1889,0.4368171296
2348,0.0568518519
2242,0.0762152778
2011,0.3289236111
1887,0.4279861111
2345,0.0566203704
2240,0.0760416667
2561,0.1689467593
2009,0.3280787037
1880,0.3624305556
2343,0.0564351852
2229,0.0740162037
2547,0.1653935185
2007,0.3273726852
2042,0.3632407407
1876,0.3541435185
2341,0.0562268519
2223,0.072349537
2005,0.3254166667
2039,0.3529282407
1874,0.3514930556
2334,0.0551273148
2217,0.0715046296
2002,0.3252777778
2037,0.3485069444
1872,0.340787037
2210,0.0709490741
1999,0.325
2602,0.3360648148
2035,0.3469560185
2031,0.343912037
1869,0.3375810185
2321,0.053912037
2206,0.0706828704
1995,0.3239814815
2597,0.3342939815
2029,0.3384837963
1866,0.3329861111
2204,0.0697222222
1991,0.321724537
1860,0.3266319444
2025,0.3318634259
2314,0.0535300926
2201,0.0694675926
1989,0.3210416667
1856,0.3182291667
2309,0.0530208333
2197,0.0688888889
1986,0.3190046296
1853,0.3175347222
2021,0.3316666667
2304,0.0528125
2193,0.0686342593
2017,0.3263194444
1979,0.3138888889
1850,0.311712963
2302,0.0528009259
2176,0.0660763889
2013,0.3206712963
1977,0.3138310185
2298,0.0525462963
2174,0.0658101852
2010,0.3193171296
1972,0.3132060185
2296,0.0525347222
2170,0.0644675926
2007,0.3146296296
1968,0.3105439815
2293,0.0522569444
2164,0.0636226852
2003,0.3128935185
2002,0.3108680556
1966,0.3104513889
1837,0.2953819444
2159,0.0621180556
1998,0.3087962963
1962,0.3088425926
2286,0.0517361111
1995,0.3069560185
1960,0.3085416667
1831,0.2921875
2284,0.0516435185
2153,0.0616319444
1828,0.2882291667
1958,0.3084027778
2277,0.0514699074
2140,0.0593402778
1823,0.2820949074
1991,0.3053935185
1955,0.3055324074
2274,0.051087963
2137,0.059212963
1821,0.2796875
1988,0.3052199074
1951,0.3034375
2270,0.0506828704
2135,0.0592013889
1817,0.2765625
1986,0.3048726852
1946,0.3013078704
2268,0.0504050926
2128,0.0583449074
1814,0.2764930556
1980,0.3041898148
1942,0.3000462963
2257,0.0495486111
2126,0.0581828704
1812,0.2752083333
1976,0.3034722222
2253,0.0490277778
2120,0.0572685185
1807,0.2690046296
1974,0.3012152778
2249,0.0483564815
2115,0.0569675926
1805,0.2670138889
1971,0.3006944444
2245,0.0480092593
2113,0.0568171296
1802,0.2651041667
2243,0.0478935185
2111,0.0567592593
1797,0.259849537
1965,0.2951967593
2239,0.0475115741
2105,0.0564351852
1959,0.2913541667
2237,0.0474768519
2103,0.0561226852
1955,0.288287037
1791,0.2583564815
2232,0.0469907407
2097,0.0558217593
1952,0.2880439815
1788,0.258125
2094,0.0557291667
1949,0.2876273148
1947,0.284375
1786,0.2576157407
2210,0.0450115741
2090,0.055462963
1784,0.2569444444
2207,0.0448958333
2088,0.0551041667
1943,0.2843518519
1780,0.2527662037
2202,0.0443518519
2084,0.0547453704
1939,0.2832638889
1936,0.2749305556
1777,0.2508217593
2200,0.0442361111
2078,0.0540393519
1775,0.2508101852
2195,0.0437731481
2076,0.0540277778
1930,0.2728935185
1929,0.272025463
1773,0.2500694444
2193,0.04375
2074,0.0536574074
1771,0.2496064815
2190,0.043599537
2072,0.0536226852
1766,0.2474768519
2186,0.0434722222
2062,0.0519560185
1764,0.2468402778
2051,0.0509027778
1761,0.2420833333
1919,0.2665972222
2178,0.0430208333
2048,0.0503356481
1758,0.2419907407
1914,0.2631481481
1913,0.2612037037
2175,0.0429861111
2043,0.0501041667
1756,0.2416203704
1756,0.2415046296
1911,0.2608912037
2171,0.0428819444
2034,0.0489236111
2168,0.0426388889
2028,0.0484027778
1906,0.2589814815
2164,0.0425810185
2019,0.0478240741
1746,0.2386805556
1901,0.2540393519
1899,0.2504398148
2158,0.0424305556
2014,0.0476736111
1744,0.238587963
1897,0.2504166667
2156,0.0424074074
2007,0.0462731481
1740,0.2373842593
1893,0.2483796296
2154,0.0423958333
2002,0.0460069444
1738,0.2361111111
2148,0.0416550926
1995,0.0458333333
1736,0.2354166667
1888,0.2479050926
1887,0.2472106481
2354,0.5039930556
2145,0.0415509259
1993,0.045787037
1991,0.0455555556
1733,0.2326736111
2335,0.4873148148
2141,0.0414351852
1989,0.0449421296
1882,0.2451736111
1878,0.2403009259
1731,0.2322106481
2411,0.4880671296
2325,0.4812037037
2135,0.0412037037
1987,0.044837963
1875,0.2399884259
1729,0.23125
2408,0.4870833333
2323,0.4797106481
2130,0.0408564815
1984,0.0444791667
1873,0.2398032407
1727,0.23125
2405,0.4862152778
2319,0.477650463
1684,0.6471759259
2127,0.0406365741
1865,0.2309953704
1725,0.2309259259
2394,0.4775578704
2314,0.4762152778
1682,0.646087963
2123,0.0405324074
1971,0.0432638889
1860,0.2275925926
1723,0.2293055556
2388,0.4750810185
2310,0.4753009259
1679,0.6458796296
2119,0.0403472222
1967,0.0425
1858,0.227337963
1720,0.2291087963
2384,0.474375
2306,0.4746412037
1676,0.6429861111
1960,0.0420486111
1718,0.228287037
2302,0.4732175926
1671,0.6356365741
2106,0.0390856481
1958,0.0417939815
1853,0.2265393519
1851,0.2254976852
1715,0.2278703704
2367,0.4591203704
1668,0.6341203704
2103,0.0390856481
1846,0.2177430556
1711,0.2250462963
1665,0.6334375
2097,0.0387384259
1952,0.0410763889
1708,0.2246643519
2360,0.4566666667
2281,0.4568287037
1662,0.6298958333
2089,0.0380208333
1947,0.0408101852
1841,0.2172453704
1840,0.216875
1706,0.2234143519
2354,0.4539351852
2279,0.4562384259
1659,0.6294907407
2080,0.0374884259
1945,0.040787037
1838,0.2166666667
1702,0.2227546296
1656,0.6286574074
1940,0.040462963
1835,0.216412037
1699,0.2215509259
1654,0.6071643519
1653,0.6030208333
2072,0.0363310185
1937,0.0404282407
1694,0.2191319444
1650,0.5829976852
2066,0.0361689815
1933,0.040150463
1831,0.2163541667
1692,0.2188657407
1647,0.5755671296
2059,0.035162037
1931,0.0397916667
1828,0.2158680556
1826,0.2146064815
1689,0.2178356481
1643,0.5715277778
2055,0.0349884259
1926,0.0395138889
1686,0.2174305556
1579,0.6527546296
2053,0.0349537037
1923,0.0394907407
1821,0.2105787037
1819,0.2099189815
1683,0.2173726852
1639,0.5647569444
1577,0.6481134259
1919,0.0394328704
1681,0.215775463
1636,0.5627430556
1575,0.644837963
1917,0.0394212963
1815,0.209525463
1633,0.5619444444
1572,0.6417013889
2035,0.0332986111
1912,0.0391782407
1813,0.2093981481
1812,0.209224537
1675,0.2150115741
1631,0.5592592593
1568,0.6406365741
2033,0.0331712963
1909,0.0389467593
1808,0.2088773148
1672,0.213587963
1565,0.6389583333
2025,0.0328009259
1670,0.2135069444
1625,0.5440277778
1562,0.6112731481
2023,0.0327893519
1898,0.0375925926
1803,0.2075694444
1668,0.2133912037
1622,0.5430092593
1559,0.5800578704
2018,0.0325115741
1893,0.0373263889
1799,0.2066550926
1665,0.2126041667
1620,0.5426157407
1596,0.986099537
2013,0.0323263889
1891,0.0373148148
1796,0.2065509259
1663,0.2118171296
1554,0.5591087963
1593,0.9826157407
2009,0.0321990741
1889,0.0373148148
1794,0.2063194444
1661,0.2095717593
1551,0.5486805556
1591,0.9759722222
2006,0.0320486111
1886,0.037025463
1657,0.2076388889
1548,0.5476736111
1589,0.9640625
1999,0.0317592593
1882,0.0369212963
1789,0.2060069444
1653,0.2059722222
1546,0.5435763889
1587,0.96375
1997,0.0317476852
1786,0.2048726852
1784,0.203912037
1650,0.2058449074
1542,0.530474537
1584,0.9632291667
1994,0.0316550926
1872,0.0363425926
1647,0.2047569444
1582,0.9573726852
1870,0.0363078704
1779,0.2035069444
1779,0.2031018519
1644,0.2037615741
1532,0.4379976852
1579,0.9565625
1988,0.0315972222
1862,0.0358564815
1642,0.2036574074
1591,0.4270833333
1529,0.4364699074
1982,0.0310532407
1860,0.0357407407
1773,0.2021990741
1639,0.2032523148
1588,0.4261805556
1526,0.4323842593
1977,0.0308564815
1853,0.0353703704
1771,0.2015740741
1636,0.2031944444
1586,0.4224884259
1524,0.4323032407
1973,0.0308217593
1849,0.0352430556
1768,0.201400463
1634,0.2022106481
1583,0.4209606481
1522,0.4283449074
1567,0.9508680556
1969,0.0305092593
1844,0.0346643519
1766,0.1998958333
1765,0.1991087963
1632,0.2019328704
1580,0.4200925926
1518,0.4261805556
1564,0.9497453704
1965,0.0304282407
1840,0.0341435185
1628,0.200625
1560,0.9490162037
1962,0.0303240741
1837,0.0340162037
1760,0.1989814815
1758,0.1979050926
1625,0.2003356481
1959,0.0302314815
1832,0.0337152778
1756,0.1975810185
1620,0.2001273148
1957,0.030150463
1829,0.0336689815
1754,0.1975694444
1618,0.2001157407
1955,0.0301388889
1825,0.033587963
1751,0.1970486111
1616,0.1999884259
1953,0.0301273148
1820,0.0333796296
1749,0.1965972222
1614,0.1998148148
1950,0.0300694444
1811,0.0326041667
1943,0.0299305556
1809,0.0325462963
1743,0.1934606481
1937,0.0296527778
1740,0.193287037
1799,0.0319444444
1925,0.0289699074
1796,0.0318865741
1920,0.0288773148
1794,0.031875
1915,0.0286921296
1792,0.0318171296
1911,0.0285416667
1789,0.0317013889
1904,0.0284143519
1787,0.0316898148
1896,0.0281134259
1785,0.0316550926
1778,0.7859606481
1893,0.0280555556
1781,0.031412037
1776,0.7825115741
1891,0.027974537
1779,0.0313657407
1774,0.7541435185
1887,0.0278356481
1777,0.0313657407
1772,0.7531481481
1773,0.0312847222
1769,0.7530324074
1880,0.0275810185
1770,0.0311689815
1767,0.7515740741
1871,0.0271412037
1768,0.0311458333
1764,0.7234722222
1492,0.7399421296
1869,0.0271180556
1762,0.0310416667
1747,0.5661805556
1757,0.6734027778
1489,0.6949074074
1866,0.0270486111
1760,0.0310300926
1744,0.5602777778
1487,0.6862962963
1857,0.0266898148
1755,0.0309490741
1738,0.5379513889
1483,0.6442939815
1853,0.0263888889
1752,0.0309259259
1736,0.5353703704
1850,0.0263194444
1749,0.0307986111
1732,0.5158796296
1476,0.5558449074
1847,0.0261226852
1747,0.030787037
1843,0.0260185185
1745,0.0307175926
1470,0.5530902778
1833,0.0255555556
1743,0.0307060185
1720,0.4749305556
1468,0.5493055556
1823,0.0248958333
1740,0.0306134259
1738,0.0303703704
1464,0.5457407407
1818,0.0246064815
1733,0.0299768519
1815,0.0245601852
1731,0.0299189815
1453,0.5007175926
1813,0.0244328704
1726,0.0296643519
1449,0.4965162037
1805,0.0243634259
1724,0.0296180556
1445,0.4926157407
1800,0.024224537
1721,0.0295833333
1442,0.4922916667
1794,0.0238888889
1715,0.0293402778
1439,0.4877430556
1788,0.0234143519
1712,0.0292824074
1437,0.4853703704
1781,0.0228587963
1710,0.0292592593
1430,0.4779861111
1779,0.0228125
1428,0.4778819444
1777,0.0228125
1704,0.0289814815
1426,0.4777777778
1774,0.0227314815
1701,0.028900463
1423,0.4761574074
1771,0.0227199074
1699,0.0288888889
1421,0.4759027778
915,0.859224537
1769,0.0225347222
1696,0.02875
1418,0.475787037
1765,0.0223611111
1692,0.0287037037
1413,0.4716666667
1760,0.0220717593
1690,0.0284606481
1409,0.462337963
1757,0.0219328704
1687,0.0283912037
1406,0.4591550926
1753,0.0218518519
1684,0.0283796296
1400,0.4571064815
1681,0.0281944444
1397,0.456875
1726,0.0200925926
1394,0.45625
1722,0.019849537
1674,0.0280208333
1543,0.5066898148
1717,0.0196064815
1671,0.0278240741
1388,0.4537731481
1540,0.5003125
1713,0.0194675926
1668,0.0278125
1537,0.4904050926
1386,0.4532060185
1711,0.0192013889
1666,0.0277430556
1532,0.4415277778
1383,0.4493634259
1659,0.0275347222
1530,0.4030671296
1381,0.4485648148
1694,0.0183101852
1656,0.0274884259
1378,0.4405555556
1689,0.0181481481
1653,0.0273726852
1523,0.3796296296
1376,0.4401041667
1683,0.0178935185
1649,0.0271990741
1519,0.3697453704
1373,0.4345486111
1679,0.0176736111
1644,0.0271296296
1517,0.3677662037
1371,0.4340625
1673,0.0172685185
1642,0.0271180556
1515,0.3672916667
1369,0.4336226852
1671,0.0171296296
1637,0.026875
1512,0.3658912037
1367,0.4334490741
1665,0.017037037
1635,0.0268171296
1510,0.3646875
1365,0.432025463
1657,0.0168287037
1631,0.026724537
1507,0.3641898148
1362,0.4309143519
1651,0.0166666667
1628,0.0266319444
1505,0.3559722222
1359,0.4308796296
1646,0.0165162037
1626,0.0266087963
1501,0.3420833333
1357,0.4301157407
1328,0.726412037
1644,0.016400463
1622,0.0264583333
1497,0.3309722222
1355,0.4298726852
1325,0.673900463
1636,0.01625
1615,0.0262615741
1489,0.3093865741
1353,0.4295486111
1323,0.6520138889
1629,0.0158101852
1613,0.0262615741
1487,0.3083680556
1350,0.4274421296
1321,0.6487037037
1624,0.0157175926
1611,0.0262384259
1347,0.4205439815
1318,0.6100925926
1619,0.0156712963
1608,0.026099537
1483,0.2990509259
1343,0.4196527778
1315,0.6053703704
1617,0.0156597222
1604,0.0260069444
1340,0.4195023148
1613,0.0155092593
1600,0.0258333333
1478,0.2967013889
1337,0.4166435185
1610,0.015474537
1588,0.0254398148
1475,0.2884606481
1333,0.414837963
1608,0.015462963
1586,0.0253819444
1470,0.2853935185
1330,0.4141782407
1603,0.0153472222
1584,0.0253356481
1467,0.2846875
1328,0.4135416667
1590,0.0146875
1581,0.0249537037
1464,0.274537037
1326,0.4111574074
1583,0.0145486111
1577,0.0248263889
1461,0.2712962963
1324,0.4101388889
1579,0.0144791667
1459,0.2711805556
1321,0.4096180556
1577,0.0143981481
1457,0.2702083333
1319,0.4084837963
1571,0.0140972222
1454,0.2699768519
1316,0.4074537037
1008,0.5152430556
1567,0.0140277778
1451,0.2697106481
1314,0.4061458333
1004,0.4827546296
1561,0.0138888889
1448,0.2696527778
1312,0.4053472222
1002,0.4120833333
1558,0.0138425926
1440,0.2628240741
1310,0.404537037
1554,0.01375
1438,0.2626967593
1308,0.4002777778
1548,0.0136342593
1434,0.2598611111
1306,0.3985532407
1545,0.0135648148
1432,0.2592476852
822,0.6488310185
1542,0.0135416667
1429,0.2578356481
1301,0.3902662037
1243,0.5707638889
820,0.6468981481
1540,0.0135416667
1659,0.2494560185
1427,0.2571180556
1296,0.3882986111
1239,0.5690509259
818,0.644849537
1532,0.0133680556
1653,0.2479513889
1425,0.2563541667
1293,0.3866087963
1236,0.5675578704
816,0.6428356481
1528,0.0132523148
1646,0.2429398148
1422,0.2543402778
1289,0.3862037037
1234,0.5669097222
814,0.6388541667
1524,0.0131134259
1642,0.2407291667
1420,0.2542592593
1287,0.3859027778
1287,0.385625
1231,0.5649305556
812,0.6368287037
1639,0.2387615741
1417,0.2529050926
1284,0.3850115741
1229,0.5643634259
810,0.6348611111
1518,0.0130092593
1518,0.0130092593
1515,0.0128819444
1415,0.2525462963
1226,0.5606018519
808,0.6334259259
1508,0.0128125
1629,0.2348263889
1223,0.5534837963
806,0.6317824074
1502,0.0126967593
1627,0.2341666667
1219,0.5507060185
1219,0.5506481481
804,0.6303935185
1498,0.012650463
1620,0.231412037
1404,0.2434027778
1700,0.2486226852
1216,0.5137152778
1216,0.5381134259
802,0.6301736111
1489,0.0125347222
1611,0.2193981481
1401,0.2429282407
1694,0.247662037
1213,0.506412037
800,0.6284143519
1688,0.2429398148
1608,0.2178125
1398,0.2358449074
1211,0.4786111111
798,0.6192361111
1482,0.0124189815
1685,0.2407986111
1602,0.2125694444
1395,0.2334953704
1205,0.4528356481
796,0.6180555556
1472,0.0116782407
1678,0.2382291667
1594,0.2071064815
1393,0.2326041667
957,0.3229976852
1201,0.4522916667
794,0.6168402778
1470,0.0116666667
1667,0.2312847222
1592,0.2069907407
1389,0.2315046296
954,0.3227893519
1197,0.4199537037
792,0.6139351852
1587,0.2031134259
1658,0.2194791667
1386,0.2292361111
951,0.3221527778
1195,0.4167476852
790,0.6111458333
1582,0.199375
1654,0.2191087963
1379,0.2233912037
947,0.3182175926
1193,0.4141319444
788,0.6075810185
1462,0.0115393519
1578,0.1987152778
1648,0.2157175926
1377,0.2217939815
943,0.3132407407
1189,0.4083796296
786,0.600462963
786,0.600462963
1455,0.0112152778
1571,0.193125
1646,0.2157060185
1187,0.3957523148
784,0.5996296296
1568,0.1927893519
1642,0.2123958333
1370,0.2170949074
1184,0.3953703704
782,0.598900463
1447,0.0110532407
1564,0.1918518519
1633,0.2069675926
1365,0.2138194444
1180,0.3798148148
780,0.5976967593
1439,0.0108564815
1559,0.1813888889
1630,0.206412037
1360,0.2111921296
1178,0.3709027778
778,0.5967476852
778,0.5967013889
1304,0.5001851852
1435,0.0108217593
1626,0.2031018519
1552,0.172337963
1357,0.2105439815
776,0.5938888889
1429,0.0106828704
1619,0.1993055556
1547,0.1700694444
1354,0.2103009259
1301,0.4643287037
774,0.5930787037
774,0.5929166667
1425,0.0106365741
1536,0.1567824074
1615,0.1984606481
1351,0.2097569444
1170,0.3628472222
1298,0.4642708333
772,0.5922106481
772,0.5921759259
1532,0.1521296296
1606,0.1929050926
1349,0.2096990741
1166,0.3596180556
1295,0.4537152778
770,0.5815277778
1417,0.0105208333
1522,0.1424768519
1603,0.1925694444
1343,0.2075694444
1164,0.3594791667
1292,0.3844675926
768,0.5808333333
1415,0.0104861111
1519,0.137974537
1599,0.1907523148
1341,0.2075462963
1160,0.3570949074
1290,0.3795717593
766,0.5792361111
1412,0.0103819444
1513,0.1311689815
1595,0.1811574074
1338,0.2070717593
1158,0.35375
1288,0.3734259259
764,0.5774074074
1396,0.009849537
1502,0.119849537
1592,0.1790162037
1336,0.2069675926
1155,0.3534722222
1285,0.3730902778
762,0.5767013889
1497,0.1177662037
1588,0.1749652778
1333,0.2064583333
1283,0.3534606481
760,0.5762731481
760,0.57625
1200,0.9935763889
1493,0.1175694444
1576,0.1686689815
1327,0.2052083333
1280,0.3513773148
1150,0.3526388889
1150,0.3526388889
758,0.5752777778
1197,0.991400463
1379,0.009525463
1379,0.009525463
1487,0.1127314815
1564,0.1565393519
1325,0.2051388889
1277,0.3445949074
1146,0.352025463
1211,0.5478356481
756,0.5742824074
1193,0.9909027778
1377,0.0094791667
1484,0.1125115741
1560,0.1550115741
1322,0.2050810185
1272,0.3213773148
1144,0.3488194444
1209,0.54375
754,0.5720833333
1371,0.0093287037
1475,0.1093055556
1553,0.1518518519
1320,0.2044444444
1268,0.319375
1140,0.3322337963
1206,0.5423148148
752,0.5643287037
1367,0.0092824074
1364,0.0092476852
1472,0.108587963
1544,0.1424421296
1317,0.2039583333
1264,0.3158796296
1138,0.3318634259
1204,0.5279282407
750,0.563125
1362,0.0092476852
1468,0.1061342593
1539,0.1380671296
1315,0.2037384259
1261,0.3134606481
1135,0.3252893519
1216,0.3840972222
1202,0.527349537
747,0.5624305556
1360,0.0092361111
1466,0.1060300926
1532,0.1308449074
1313,0.1993055556
1259,0.3132986111
1133,0.3240625
1213,0.380150463
1200,0.5249768519
745,0.5617476852
1354,0.0090972222
1528,0.1297337963
1256,0.3124884259
1129,0.3211805556
1209,0.3758680556
1198,0.523587963
743,0.560474537
1349,0.0089699074
1459,0.1029282407
1525,0.1268171296
1252,0.312037037
1125,0.3181597222
1206,0.372337963
741,0.5598148148
1345,0.0088773148
1445,0.0890277778
1249,0.3119675926
1123,0.3161689815
1203,0.3715162037
1192,0.5212037037
739,0.5590625
1340,0.0087962963
1513,0.1203356481
1434,0.0849305556
1247,0.3117708333
1121,0.3161342593
1189,0.521087963
1187,0.5046180556
737,0.5589236111
1509,0.11875
1432,0.0848032407
1244,0.3112847222
1119,0.3152777778
1197,0.3704166667
735,0.5578125
1326,0.0083217593
1504,0.1176388889
1430,0.0845023148
1241,0.31
1115,0.3132638889
1194,0.367650463
733,0.5567708333
1319,0.0082175926
1501,0.1175347222
1425,0.0833680556
1236,0.2803356481
1113,0.3085532407
1111,0.3055902778
1189,0.3548263889
731,0.5559027778
1315,0.0081134259
1493,0.1125115741
1422,0.0827777778
1102,0.2664583333
1182,0.338275463
729,0.552349537
729,0.5522685185
1311,0.0080092593
1308,0.0079050926
1418,0.0802777778
1483,0.110462963
1180,0.336087963
727,0.5517476852
1151,0.8551851852
1305,0.0078703704
1410,0.0793171296
1478,0.1092476852
1225,0.2604861111
1176,0.3278935185
725,0.5512731481
725,0.5505902778
1149,0.8546875
1149,0.8543171296
1297,0.0077662037
1407,0.0774537037
1473,0.107650463
1221,0.2579050926
1170,0.3233680556
723,0.5499074074
1291,0.0075462963
1401,0.0765046296
1470,0.1059259259
1218,0.2541550926
1168,0.3165625
721,0.5492361111
721,0.5491898148
1288,0.0075347222
1394,0.0714699074
1465,0.102650463
1215,0.2488194444
1165,0.3144560185
719,0.5485648148
719,0.5485648148
1286,0.0074884259
1385,0.0700462963
1443,0.0846875
1212,0.2464467593
1161,0.3103472222
717,0.5472569444
991,0.6287152778
1382,0.0698958333
1441,0.0846180556
1159,0.309212963
986,0.5282407407
715,0.5466782407
1277,0.0072453704
1379,0.0697222222
1439,0.0844097222
1157,0.3069560185
713,0.5464930556
1275,0.0072453704
1155,0.3068287037
711,0.5458333333
1271,0.0071875
1431,0.0826736111
1152,0.295462963
709,0.5457986111
1427,0.0801388889
1147,0.2725462963
706,0.5448958333
1266,0.0071759259
1266,0.0071643519
1423,0.08
1145,0.2715277778
971,0.4205208333
1013,0.512962963
704,0.5445601852
1259,0.0070601852
1419,0.0793865741
1186,0.2225347222
1186,0.2225347222
1141,0.2698842593
968,0.4200347222
1010,0.5084259259
1010,0.4981597222
702,0.5439351852
1251,0.0069328704
1416,0.0791087963
1348,0.0620486111
1183,0.2206365741
1137,0.269224537
964,0.4189699074
700,0.5438888889
700,0.5438657407
1249,0.0068865741
1408,0.0771759259
1344,0.0602662037
1006,0.4913541667
1004,0.4740162037
698,0.5433101852
1246,0.0068171296
1405,0.0764236111
1341,0.0596875
1341,0.0594097222
1175,0.2057986111
1132,0.2588657407
1000,0.4582986111
696,0.5432291667
1096,0.5820601852
1244,0.0068171296
1337,0.0588657407
1170,0.2037962963
1129,0.2568981481
997,0.4553935185
694,0.5424421296
1094,0.5809953704
1239,0.0067592593
1396,0.0714583333
1334,0.0579398148
1166,0.2023726852
1126,0.2537268519
994,0.4529050926
1089,0.5482523148
692,0.5415740741
1237,0.0067476852
1387,0.0697800926
1331,0.0578356481
1124,0.2524768519
992,0.4477199074
1087,0.5373148148
690,0.5403125
1231,0.006712963
1384,0.0696296296
1121,0.2522453704
990,0.4406018519
1085,0.5361342593
688,0.5398148148
1229,0.0066898148
1378,0.0684837963
1318,0.0563773148
1119,0.2481134259
986,0.4160532407
1079,0.512974537
685,0.5394907407
1226,0.0066203704
1316,0.0555902778
1115,0.2462152778
1077,0.5124652778
1535,0.5711921296
683,0.5389351852
1224,0.0065856481
1312,0.0546875
1112,0.2428587963
981,0.4093634259
1075,0.5115046296
1533,0.5593865741
681,0.5379166667
1106,0.9831712963
1219,0.0065393519
1310,0.0545138889
1109,0.2375462963
1514,0.3431597222
977,0.4047800926
975,0.392662037
1072,0.5096527778
679,0.5369212963
1215,0.006412037
1308,0.054375
1105,0.2346759259
1511,0.3361921296
972,0.3913888889
1067,0.4733217593
677,0.5357175926
677,0.5355902778
1210,0.00625
1349,0.0600462963
1306,0.0542824074
1103,0.232974537
1508,0.3328125
969,0.3898148148
675,0.5353935185
1207,0.0062384259
1345,0.0586458333
1298,0.0515277778
1099,0.2324652778
1505,0.3252314815
966,0.3884606481
1061,0.4446064815
673,0.5351388889
1004,0.8093518519
1205,0.0062384259
1342,0.0577430556
1289,0.0507175926
1097,0.2317592593
1502,0.3199768519
961,0.3803935185
671,0.5342824074
1001,0.7784143519
1203,0.0062268519
1330,0.05625
1286,0.0506597222
1094,0.2307523148
1496,0.3160648148
953,0.3558101852
1055,0.4195949074
669,0.5330902778
1201,0.0062268519
1326,0.0555902778
1282,0.0498611111
1090,0.2294097222
1492,0.3134027778
949,0.3534490741
1053,0.4165277778
667,0.5325578704
667,0.5325231481
667,0.5325
1199,0.0061689815
1322,0.0546759259
1127,0.1861689815
1088,0.2198958333
1489,0.3127430556
945,0.3501967593
1049,0.4130092593
665,0.5319212963
1196,0.0061458333
1318,0.0544675926
1275,0.0494791667
1086,0.2167476852
1481,0.2757523148
1045,0.4008680556
663,0.5305208333
1192,0.0061226852
1316,0.0540393519
1271,0.0493055556
939,0.3421296296
1040,0.3898611111
661,0.5298148148
1190,0.0061226852
1314,0.0539814815
1267,0.0488541667
1077,0.2122337963
937,0.3349074074
659,0.529224537
1186,0.006087963
1312,0.0539699074
1263,0.0487615741
1075,0.2031828704
1031,0.3593518519
935,0.3345486111
657,0.5290972222
1180,0.0060416667
1303,0.0513194444
1260,0.0485763889
1072,0.2029976852
1028,0.3579282407
932,0.3311342593
655,0.5283912037
1178,0.0060300926
1293,0.0504976852
1254,0.0474074074
1070,0.2013888889
928,0.3277662037
1022,0.3551273148
653,0.5277199074
1174,0.0059722222
1291,0.050462963
1251,0.0471180556
1064,0.1917708333
925,0.3228935185
1020,0.3546527778
651,0.527025463
1172,0.0059722222
1171,0.0059143519
1287,0.0495717593
1247,0.0465046296
922,0.3225462963
1017,0.3536689815
649,0.5259953704
1285,0.049525463
1241,0.0449884259
1057,0.1886574074
920,0.322337963
1012,0.3510763889
647,0.5250810185
1166,0.0058680556
1166,0.0058680556
1283,0.049525463
1239,0.0447569444
1055,0.1883680556
915,0.3166550926
1010,0.3494444444
645,0.5243171296
1164,0.0058680556
913,0.3158449074
1007,0.3473958333
1162,0.0058564815
1274,0.0492476852
1226,0.0418865741
911,0.3153356481
1004,0.3457291667
641,0.5221527778
1160,0.0058564815
1271,0.0490162037
1223,0.0415972222
1043,0.1788773148
903,0.303912037
1001,0.3420601852
639,0.5214930556
984,0.7060532407
1158,0.0058564815
1266,0.0486574074
1221,0.0415509259
1039,0.175775463
901,0.3033564815
637,0.5207291667
982,0.6522800926
1263,0.0485069444
1036,0.1726388889
897,0.302037037
995,0.3330671296
635,0.5201157407
980,0.6510416667
1598,0.9343518519
1210,0.0400694444
1154,0.0057986111
1261,0.0482523148
1034,0.1710300926
894,0.2994328704
991,0.3306944444
633,0.5146759259
977,0.607650463
1206,0.0398842593
1152,0.005787037
1258,0.0479513889
1032,0.1652662037
989,0.3293634259
631,0.513912037
974,0.6038425926
1200,0.0390972222
1149,0.0057291667
1251,0.0471759259
1025,0.1625
984,0.3202893519
887,0.2956712963
629,0.5117939815
1147,0.0057291667
1249,0.0465856481
1022,0.1623726852
980,0.3174074074
936,0.4988773148
627,0.5110069444
1188,0.0381365741
1188,0.0381365741
1145,0.0057175926
1243,0.0448032407
1020,0.1603009259
977,0.3151157407
881,0.2937037037
931,0.4362731481
625,0.5098611111
1176,0.0368981481
1141,0.0056944444
1016,0.1599421296
879,0.293599537
928,0.4188888889
623,0.5092013889
1173,0.0367592593
1138,0.0056597222
1231,0.0418865741
1013,0.1590856481
972,0.3147106481
874,0.290162037
925,0.4109837963
621,0.5084259259
1136,0.0056481481
1227,0.0416898148
1011,0.1586921296
968,0.3086111111
922,0.3888078704
619,0.5070486111
1159,0.0340625
1130,0.0055787037
1224,0.0413657407
1009,0.1585300926
868,0.2857523148
966,0.3078819444
920,0.3792939815
617,0.5058101852
1155,0.0333680556
1128,0.0055787037
1006,0.1580092593
866,0.2842013889
962,0.3072453704
915,0.3596296296
615,0.5046412037
1212,0.0397800926
1151,0.0332407407
1126,0.0055671296
1004,0.1578356481
862,0.2777083333
960,0.3051388889
911,0.3517592593
613,0.5036226852
1207,0.0394675926
1124,0.0055555556
1001,0.1566782407
860,0.2773726852
956,0.3009259259
908,0.3507523148
611,0.5018865741
1204,0.0393171296
1144,0.0329513889
1122,0.0055092593
999,0.1535185185
858,0.2724652778
954,0.3003009259
906,0.3488541667
958,0.5225462963
609,0.4994444444
985,0.9440393519
1197,0.0385763889
1135,0.0311574074
1119,0.0054861111
995,0.1525231481
856,0.2723032407
951,0.298912037
902,0.3475115741
951,0.499212963
607,0.4985416667
1186,0.0378472222
1128,0.0308449074
1115,0.0054513889
990,0.1511574074
948,0.2941087963
899,0.3474537037
948,0.4903472222
605,0.4977430556
1174,0.0366782407
1123,0.0300925926
1108,0.0053356481
987,0.1487037037
946,0.2862847222
852,0.2671412037
897,0.3473958333
945,0.4808680556
1119,0.5113773148
603,0.4969560185
1106,0.0053240741
983,0.14375
944,0.2827546296
849,0.2647453704
895,0.3471759259
601,0.4962731481
957,0.5586921296
1162,0.0356481481
1101,0.0288194444
1095,0.0052430556
978,0.1424768519
941,0.2808912037
845,0.2637037037
893,0.3469791667
892,0.3468518519
599,0.4944907407
955,0.5368518519
1409,0.9710185185
1145,0.0338657407
1096,0.0280787037
1089,0.0051851852
976,0.1423958333
934,0.2751041667
843,0.262349537
889,0.3449884259
1109,0.4350694444
951,0.4852662037
597,0.4935185185
1407,0.9668171296
1140,0.0332407407
1094,0.0279976852
972,0.1421412037
932,0.2745717593
841,0.2604861111
883,0.3154861111
1103,0.3572569444
595,0.4926851852
1404,0.9662037037
1135,0.0329861111
1087,0.0277199074
1084,0.0051851852
1084,0.0051736111
970,0.1416435185
928,0.2702314815
839,0.256400463
881,0.3153356481
947,0.4773726852
930,0.4724305556
593,0.4903472222
1402,0.9615972222
1126,0.0324305556
1085,0.0276851852
1083,0.0268171296
1082,0.0051736111
966,0.1406828704
923,0.2695486111
837,0.2551967593
876,0.3085532407
944,0.4689583333
927,0.4719097222
591,0.4900115741
1397,0.932025463
1107,0.0304166667
1079,0.0266550926
1077,0.005150463
963,0.1397106481
920,0.2672800926
835,0.2510069444
874,0.305787037
942,0.4551388889
589,0.4893865741
1394,0.9204513889
1102,0.0298958333
1074,0.0264236111
1073,0.0050810185
960,0.136724537
914,0.2579861111
831,0.2496990741
871,0.3039814815
939,0.4439814815
587,0.4885763889
1071,0.0263773148
1069,0.0050462963
955,0.1351273148
829,0.2467939815
585,0.4879166667
1079,0.0286226852
1065,0.0050462963
1064,0.0255208333
951,0.132974537
827,0.2444212963
909,0.254525463
864,0.2786805556
929,0.4082523148
583,0.4812615741
1072,0.0276851852
1061,0.0253472222
1059,0.0050115741
948,0.1315162037
821,0.2321527778
907,0.2537615741
927,0.4038194444
581,0.4805787037
1066,0.0275578704
1054,0.0049884259
1045,0.0228819444
945,0.1300810185
904,0.2531597222
860,0.270775463
923,0.4033101852
579,0.4771527778
1063,0.0274537037
1051,0.0049652778
1042,0.022650463
942,0.1289930556
815,0.2297800926
900,0.2512384259
857,0.2568634259
920,0.3965856481
577,0.4763888889
1057,0.0266203704
1049,0.0049652778
1034,0.0219675926
940,0.1269560185
898,0.2484259259
855,0.2503356481
855,0.2489699074
575,0.4755324074
1055,0.0265509259
1030,0.021724537
938,0.1253125
811,0.2290740741
810,0.2265625
895,0.2482407407
573,0.4745833333
1049,0.0262962963
1044,0.0049537037
1044,0.0049537037
1023,0.0209606481
931,0.1223958333
850,0.2446412037
808,0.2257175926
893,0.2480555556
571,0.4718055556
1367,0.6290046296
1046,0.0261342593
1041,0.0049189815
1019,0.0207060185
929,0.1197453704
889,0.2460069444
805,0.2235648148
569,0.4708680556
1363,0.6113657407
1038,0.0048958333
1037,0.0251388889
1016,0.0205208333
924,0.1167361111
886,0.2454282407
843,0.2417476852
803,0.2222337963
567,0.4683680556
1357,0.5669444444
1036,0.0048958333
1032,0.0245833333
1009,0.019537037
923,0.1138425926
841,0.2417361111
800,0.2175462963
903,0.3644444444
1352,0.5368634259
1032,0.0048726852
1030,0.0245717593
1001,0.0184837963
919,0.110787037
837,0.2391203704
836,0.2372800926
795,0.2160069444
900,0.3637152778
563,0.4669097222
1349,0.52125
1027,0.0240277778
1023,0.0048032407
917,0.1097453704
793,0.2153587963
1341,0.4834606481
561,0.4661458333
1021,0.0048032407
1012,0.0226388889
983,0.0167939815
914,0.1093055556
831,0.2369444444
831,0.2343634259
790,0.2140509259
1338,0.4817361111
559,0.4649421296
1019,0.0047916667
1010,0.0223726852
971,0.0156828704
911,0.1084490741
788,0.2130208333
1334,0.4631597222
556,0.4645138889
1015,0.0047569444
1002,0.0217013889
967,0.0153935185
906,0.106724537
827,0.2342476852
786,0.2120949074
1331,0.4596412037
553,0.4640509259
999,0.0215046296
965,0.0153472222
903,0.1038425926
825,0.2337962963
784,0.2107986111
1329,0.4515393519
551,0.4633449074
1011,0.0047569444
991,0.0205439815
963,0.0152430556
898,0.1016898148
822,0.232650463
822,0.2312037037
782,0.2099189815
1325,0.4369675926
1008,0.0047453704
986,0.0198958333
958,0.0151157407
897,0.1014699074
819,0.2306828704
996,0.0046875
982,0.0196064815
956,0.0149421296
894,0.098287037
815,0.2299884259
778,0.2096759259
1312,0.4203240741
990,0.0046412037
979,0.0192939815
951,0.0146990741
891,0.0977546296
776,0.2096759259
775,0.2094444444
1309,0.4193865741
543,0.4582638889
973,0.0184837963
947,0.0145717593
887,0.0974652778
811,0.2296296296
773,0.2092592593
851,0.2827083333
1306,0.417974537
541,0.4574652778
982,0.0046064815
982,0.0045949074
945,0.0143865741
771,0.2050694444
808,0.2292824074
807,0.2285300926
849,0.2787847222
1302,0.417662037
539,0.4565740741
980,0.0045949074
951,0.0163657407
940,0.0143055556
881,0.0945601852
845,0.2690509259
812,0.3400347222
1298,0.3953356481
537,0.4557638889
977,0.0045486111
947,0.0160763889
935,0.0140740741
878,0.0943055556
765,0.1975462963
765,0.1960416667
802,0.2241898148
839,0.2475578704
809,0.3165509259
808,0.3091666667
1296,0.3914814815
535,0.4548842593
939,0.0151851852
929,0.0138078704
876,0.0937037037
835,0.2390972222
806,0.305625
1291,0.3903125
533,0.4541319444
847,0.5737615741
973,0.0045486111
937,0.015162037
926,0.0137152778
871,0.0934027778
833,0.2350115741
1287,0.3735532407
531,0.453275463
864,0.5090162037
971,0.0045486111
932,0.0148726852
924,0.0136689815
869,0.0932407407
829,0.2297800926
794,0.2127662037
1283,0.3678703704
529,0.4523263889
860,0.4936921296
842,0.5457523148
969,0.004525463
929,0.0148148148
920,0.0135069444
865,0.0904513889
826,0.2255555556
791,0.2123958333
1278,0.3560648148
527,0.4516087963
854,0.4822222222
839,0.5084375
634,0.640787037
961,0.0044675926
926,0.0146759259
917,0.0134375
859,0.0869328704
822,0.2232523148
788,0.2111342593
833,0.4027314815
525,0.4505092593
851,0.4802777778
957,0.0044444444
919,0.014212963
909,0.0132986111
856,0.0867476852
789,0.219537037
786,0.2096527778
828,0.3888541667
523,0.4497569444
917,0.0141898148
906,0.0132060185
854,0.0865740741
815,0.2110069444
783,0.2090046296
521,0.4489699074
950,0.004375
915,0.0141550926
904,0.0131018519
777,0.1871643519
812,0.2091203704
519,0.4483449074
944,0.0043287037
906,0.0136342593
898,0.0128472222
843,0.0835416667
775,0.1866319444
810,0.2074305556
815,0.3144212963
942,0.0043287037
902,0.0134606481
892,0.0126041667
840,0.0830902778
805,0.1995717593
773,0.1864351852
616,0.3128009259
515,0.4424189815
939,0.0042824074
896,0.0132175926
888,0.0124189815
837,0.0823958333
803,0.1986574074
770,0.1781365741
613,0.2909953704
513,0.4392013889
937,0.0042824074
894,0.0131944444
882,0.0120949074
836,0.0823263889
800,0.1895138889
768,0.1763888889
610,0.2717361111
511,0.4385300926
935,0.0042708333
892,0.0131944444
877,0.0117824074
831,0.0820138889
766,0.1759837963
608,0.2627662037
509,0.4377314815
812,0.6695138889
932,0.0042476852
887,0.0129513889
875,0.0117708333
829,0.0820023148
794,0.1851041667
763,0.1739930556
603,0.2011342593
507,0.4366319444
808,0.660162037
800,0.8127314815
921,0.0041782407
880,0.0125810185
869,0.0116435185
869,0.0116087963
791,0.1834490741
761,0.1734375
600,0.1836805556
505,0.4357986111
805,0.5834837963
917,0.0041550926
876,0.0125462963
867,0.0116087963
787,0.1724305556
757,0.1691550926
598,0.169525463
503,0.4350462963
802,0.5309143519
915,0.0041550926
873,0.0123958333
856,0.0110416667
753,0.1617592593
784,0.1711921296
596,0.1686805556
501,0.4342592593
800,0.5259143519
912,0.0041203704
870,0.0123842593
854,0.0110300926
781,0.1644907407
751,0.155162037
594,0.1616550926
499,0.4335532407
796,0.5216203704
900,0.0040162037
866,0.0122222222
864,0.0121180556
852,0.0109375
777,0.1583333333
748,0.1520486111
592,0.1586689815
497,0.4328240741
794,0.5165740741
895,0.0039930556
857,0.0117013889
845,0.0107407407
774,0.1531018519
742,0.1508680556
590,0.1538194444
495,0.4309143519
791,0.5029166667
757,0.6977314815
891,0.0039814815
849,0.0113773148
843,0.0107291667
770,0.1462847222
740,0.1488310185
588,0.1526041667
493,0.4299768519
893,0.782962963
887,0.0039583333
847,0.0113541667
841,0.0107060185
766,0.1366898148
737,0.1484606481
585,0.1523032407
491,0.4290277778
795,0.4663657407
725,0.7073263889
840,0.0111226852
839,0.0106481481
763,0.1336921296
734,0.1443402778
581,0.1509027778
489,0.4279050926
789,0.4545486111
890,0.7153703704
838,0.011099537
833,0.0102083333
760,0.1312731481
731,0.141712963
579,0.1496064815
786,0.4525347222
487,0.4268287037
885,0.6364699074
723,0.6671643519
871,0.0038773148
871,0.0038773148
871,0.0038773148
834,0.0109143519
830,0.0101273148
757,0.1236805556
728,0.1407175926
577,0.1388310185
783,0.4456481481
485,0.4259490741
721,0.5376851852
880,0.622025463
869,0.0038773148
830,0.0107291667
754,0.1230787037
725,0.1402314815
575,0.1344791667
780,0.4423842593
483,0.4246296296
718,0.5340277778
875,0.608287037
867,0.0038773148
825,0.010474537
823,0.0097800926
752,0.1215046296
723,0.1388541667
573,0.133599537
778,0.4403356481
481,0.4238773148
716,0.5327777778
867,0.5402662037
873,0.5862384259
865,0.0038657407
823,0.0104166667
819,0.0097453704
719,0.136412037
569,0.1258217593
775,0.4402777778
479,0.4230324074
712,0.5286574074
862,0.0038541667
820,0.0103240741
813,0.0093518519
747,0.1201157407
718,0.133287037
717,0.1357291667
567,0.1253356481
724,0.4143865741
477,0.4224305556
710,0.523587963
855,0.0038078704
813,0.0099421296
810,0.0092361111
743,0.119837963
716,0.1326273148
565,0.1251041667
721,0.41375
